TimeStamp;OrderId;OrderStatus;VehicleId;
20;466299;UNASSIGNED;-1;
21;466299;ASSIGNED;11;
20;239288;UNASSIGNED;-1;
21;239288;ASSIGNED;9;
80;394893;UNASSIGNED;-1;
81;394893;ASSIGNED;49;
313;466299;IN_PROGRESS;11;
320;743962;UNASSIGNED;-1;
321;743962;ASSIGNED;36;
500;37223;UNASSIGNED;-1;
501;37223;ASSIGNED;9;
500;292277;UNASSIGNED;-1;
501;292277;ASSIGNED;48;
560;536956;UNASSIGNED;-1;
561;536956;ASSIGNED;33;
610;104619;UNASSIGNED;-1;
611;104619;ASSIGNED;9;
792;292277;IN_PROGRESS;48;
840;110335;UNASSIGNED;-1;
841;110335;ASSIGNED;40;
960;486961;UNASSIGNED;-1;
961;486961;ASSIGNED;45;
980;207129;UNASSIGNED;-1;
981;207129;ASSIGNED;15;
1036;536956;IN_PROGRESS;33;
1061;743962;IN_PROGRESS;36;
1083;239288;IN_PROGRESS;9;
1083;509881;UNASSIGNED;-1;
1084;509881;ASSIGNED;9;
1110;398461;UNASSIGNED;-1;
1111;398461;ASSIGNED;43;
1396;110335;IN_PROGRESS;40;
1440;749509;UNASSIGNED;-1;
1441;749509;ASSIGNED;15;
1472;466299;DELIVERED;11;
1514;207129;IN_PROGRESS;15;
1520;220348;UNASSIGNED;-1;
1521;220348;ASSIGNED;40;
1532;450410;UNASSIGNED;-1;
1533;450410;ASSIGNED;27;
1567;536956;DELIVERED;33;
1592;536348;UNASSIGNED;-1;
1593;536348;ASSIGNED;49;
1728;486961;IN_PROGRESS;45;
1760;924253;UNASSIGNED;-1;
1761;924253;ASSIGNED;6;
1801;346445;ASSIGNED;49;
1801;914881;ASSIGNED;34;
1801;577114;ASSIGNED;34;
1801;480850;ASSIGNED;34;
1801;268753;ASSIGNED;49;
1801;3799;ASSIGNED;34;
1801;428005;ASSIGNED;49;
1801;507178;ASSIGNED;49;
1801;708217;ASSIGNED;33;
1801;280375;ASSIGNED;6;
1801;608445;ASSIGNED;33;
1801;985550;ASSIGNED;34;
1801;638538;ASSIGNED;33;
1801;336386;ASSIGNED;27;
1801;513998;ASSIGNED;27;
1801;488012;ASSIGNED;33;
1801;582469;ASSIGNED;35;
1801;276746;ASSIGNED;35;
1801;810457;ASSIGNED;35;
1801;889684;ASSIGNED;9;
1801;780913;ASSIGNED;35;
1801;313733;ASSIGNED;49;
1801;506497;ASSIGNED;5;
1801;938268;ASSIGNED;35;
1801;945581;ASSIGNED;5;
1801;850212;ASSIGNED;33;
1801;774178;ASSIGNED;5;
1801;441388;ASSIGNED;5;
1801;543930;ASSIGNED;33;
1801;862668;ASSIGNED;33;
1801;414285;ASSIGNED;33;
1801;116446;ASSIGNED;11;
1801;593659;ASSIGNED;11;
1801;266634;ASSIGNED;5;
1801;964865;ASSIGNED;27;
1801;257957;ASSIGNED;49;
1801;960694;ASSIGNED;27;
1801;756034;ASSIGNED;49;
1801;951104;ASSIGNED;5;
1801;226380;ASSIGNED;40;
1801;421202;ASSIGNED;11;
1801;437744;ASSIGNED;11;
1801;355443;ASSIGNED;30;
1801;157063;ASSIGNED;30;
1801;275111;ASSIGNED;40;
1801;96676;ASSIGNED;30;
1801;555814;ASSIGNED;40;
1801;371182;ASSIGNED;11;
1801;823648;ASSIGNED;33;
1801;616564;ASSIGNED;40;
1801;964757;ASSIGNED;49;
1801;785814;ASSIGNED;36;
1801;358820;ASSIGNED;7;
1801;453299;ASSIGNED;36;
1801;405939;ASSIGNED;36;
1801;18230;ASSIGNED;7;
1801;366148;ASSIGNED;7;
1801;648002;ASSIGNED;36;
1801;712519;ASSIGNED;30;
1801;590801;ASSIGNED;7;
1880;190028;UNASSIGNED;-1;
1881;190028;ASSIGNED;30;
1911;398461;IN_PROGRESS;43;
1921;394893;IN_PROGRESS;49;
2034;239288;DELIVERED;9;
2060;995182;UNASSIGNED;-1;
2061;995182;ASSIGNED;28;
2060;503109;UNASSIGNED;-1;
2061;503109;ASSIGNED;36;
2110;579601;UNASSIGNED;-1;
2111;579601;ASSIGNED;48;
2182;749509;IN_PROGRESS;15;
2210;924253;IN_PROGRESS;6;
2210;966210;UNASSIGNED;-1;
2211;966210;ASSIGNED;30;
2220;450410;IN_PROGRESS;27;
2280;723931;UNASSIGNED;-1;
2281;723931;ASSIGNED;6;
2280;905695;UNASSIGNED;-1;
2281;905695;ASSIGNED;50;
2340;916819;UNASSIGNED;-1;
2341;916819;ASSIGNED;18;
2360;320782;UNASSIGNED;-1;
2361;320782;ASSIGNED;45;
2545;850575;UNASSIGNED;-1;
2546;850575;ASSIGNED;6;
2563;37223;IN_PROGRESS;9;
2563;509881;IN_PROGRESS;9;
2592;995182;IN_PROGRESS;28;
2610;472577;UNASSIGNED;-1;
2611;472577;ASSIGNED;8;
2623;865488;UNASSIGNED;-1;
2624;865488;ASSIGNED;33;
2727;430623;UNASSIGNED;-1;
2728;430623;ASSIGNED;19;
2805;743962;DELIVERED;36;
2840;932752;UNASSIGNED;-1;
2841;932752;ASSIGNED;35;
2847;298172;UNASSIGNED;-1;
2848;298172;ASSIGNED;7;
2900;758712;UNASSIGNED;-1;
2901;758712;ASSIGNED;8;
3008;190028;IN_PROGRESS;30;
3093;292277;DELIVERED;48;
3120;440451;UNASSIGNED;-1;
3121;440451;ASSIGNED;43;
3150;201703;UNASSIGNED;-1;
3151;201703;ASSIGNED;30;
3169;905695;IN_PROGRESS;50;
3238;932752;IN_PROGRESS;35;
3240;750701;UNASSIGNED;-1;
3241;750701;ASSIGNED;46;
3265;916819;IN_PROGRESS;18;
3320;855455;UNASSIGNED;-1;
3321;855455;ASSIGNED;19;
3343;486961;DELIVERED;45;
3350;723925;UNASSIGNED;-1;
3351;723925;ASSIGNED;43;
3364;220348;IN_PROGRESS;40;
3364;30320;UNASSIGNED;-1;
3365;30320;ASSIGNED;4;
3480;414232;UNASSIGNED;-1;
3481;414232;ASSIGNED;4;
3510;128931;UNASSIGNED;-1;
3511;128931;ASSIGNED;35;
3561;579601;IN_PROGRESS;48;
3570;408794;UNASSIGNED;-1;
3571;408794;ASSIGNED;8;
3720;33525;UNASSIGNED;-1;
3721;33525;ASSIGNED;28;
3770;509881;DELIVERED;9;
3798;472577;IN_PROGRESS;8;
3823;577114;IN_PROGRESS;34;
3823;480850;IN_PROGRESS;34;
3823;3799;IN_PROGRESS;34;
3823;914881;IN_PROGRESS;34;
3856;672128;UNASSIGNED;-1;
3857;672128;ASSIGNED;22;
3937;536348;IN_PROGRESS;49;
3937;45953;UNASSIGNED;-1;
3938;45953;ASSIGNED;36;
3980;864865;UNASSIGNED;-1;
3981;864865;ASSIGNED;36;
4020;801539;UNASSIGNED;-1;
4021;801539;ASSIGNED;45;
4042;280375;IN_PROGRESS;6;
4050;365380;UNASSIGNED;-1;
4051;365380;ASSIGNED;26;
4050;25867;UNASSIGNED;-1;
4051;25867;ASSIGNED;21;
4105;430623;IN_PROGRESS;19;
4160;45277;UNASSIGNED;-1;
4161;45277;ASSIGNED;47;
4232;320782;IN_PROGRESS;45;
4260;578800;UNASSIGNED;-1;
4261;578800;ASSIGNED;34;
4274;128931;IN_PROGRESS;35;
4290;374954;UNASSIGNED;-1;
4291;374954;ASSIGNED;50;
4290;218713;UNASSIGNED;-1;
4291;218713;ASSIGNED;18;
4290;438096;UNASSIGNED;-1;
4291;438096;ASSIGNED;14;
4310;236043;UNASSIGNED;-1;
4311;236043;ASSIGNED;45;
4455;865488;IN_PROGRESS;33;
4466;750701;IN_PROGRESS;46;
4510;924313;UNASSIGNED;-1;
4511;924313;ASSIGNED;26;
4563;282006;UNASSIGNED;-1;
4564;282006;ASSIGNED;41;
4620;797091;UNASSIGNED;-1;
4621;797091;ASSIGNED;36;
4661;298172;IN_PROGRESS;7;
4690;30320;IN_PROGRESS;4;
4690;886370;UNASSIGNED;-1;
4691;886370;ASSIGNED;26;
4727;398461;DELIVERED;43;
4860;556083;UNASSIGNED;-1;
4861;556083;ASSIGNED;14;
4880;220348;DELIVERED;40;
4901;578800;IN_PROGRESS;34;
4910;754499;UNASSIGNED;-1;
4911;754499;ASSIGNED;41;
4938;672128;IN_PROGRESS;22;
4949;855455;IN_PROGRESS;19;
4950;476601;UNASSIGNED;-1;
4951;476601;ASSIGNED;10;
5000;516026;UNASSIGNED;-1;
5001;516026;ASSIGNED;21;
5060;242878;UNASSIGNED;-1;
5061;242878;ASSIGNED;19;
5114;438096;IN_PROGRESS;14;
5220;575208;UNASSIGNED;-1;
5221;575208;ASSIGNED;16;
5270;178983;UNASSIGNED;-1;
5271;178983;ASSIGNED;47;
5301;3799;DELIVERED;34;
5302;932752;DELIVERED;35;
5302;128931;DELIVERED;35;
5325;37223;DELIVERED;9;
5331;282006;IN_PROGRESS;41;
5331;989579;UNASSIGNED;-1;
5332;989579;ASSIGNED;28;
5356;414232;IN_PROGRESS;4;
5386;916819;DELIVERED;18;
5416;963201;UNASSIGNED;-1;
5417;963201;ASSIGNED;8;
5419;723931;IN_PROGRESS;6;
5419;280375;DELIVERED;6;
5419;924253;DELIVERED;6;
5463;536348;DELIVERED;49;
5463;394893;DELIVERED;49;
5463;130411;UNASSIGNED;-1;
5464;130411;ASSIGNED;36;
5463;761501;UNASSIGNED;-1;
5464;761501;ASSIGNED;36;
5523;408794;IN_PROGRESS;8;
5568;579601;DELIVERED;48;
5630;637872;UNASSIGNED;-1;
5631;637872;ASSIGNED;11;
5640;603718;UNASSIGNED;-1;
5641;603718;ASSIGNED;41;
5710;571750;UNASSIGNED;-1;
5711;571750;ASSIGNED;10;
5733;268753;IN_PROGRESS;49;
5733;346445;IN_PROGRESS;49;
5733;428005;IN_PROGRESS;49;
5733;507178;IN_PROGRESS;49;
5769;365380;IN_PROGRESS;26;
5788;749509;DELIVERED;15;
5808;70086;UNASSIGNED;-1;
5809;70086;ASSIGNED;40;
5854;218713;IN_PROGRESS;18;
5877;723925;IN_PROGRESS;43;
5877;440451;IN_PROGRESS;43;
5900;339618;UNASSIGNED;-1;
5901;339618;ASSIGNED;36;
5969;201703;IN_PROGRESS;30;
5969;966210;IN_PROGRESS;30;
5969;190028;DELIVERED;30;
5985;276746;IN_PROGRESS;35;
5985;810457;IN_PROGRESS;35;
5985;582469;IN_PROGRESS;35;
5985;780913;IN_PROGRESS;35;
5987;450410;DELIVERED;27;
5987;850575;IN_PROGRESS;6;
6003;556083;IN_PROGRESS;14;
6045;25867;IN_PROGRESS;21;
6080;70547;UNASSIGNED;-1;
6081;70547;ASSIGNED;8;
6108;959775;UNASSIGNED;-1;
6109;959775;ASSIGNED;24;
6180;935047;UNASSIGNED;-1;
6181;935047;ASSIGNED;43;
6210;624348;UNASSIGNED;-1;
6211;624348;ASSIGNED;50;
6228;714452;UNASSIGNED;-1;
6229;714452;ASSIGNED;40;
6228;310779;UNASSIGNED;-1;
6229;310779;ASSIGNED;36;
6271;886370;IN_PROGRESS;26;
6271;924313;IN_PROGRESS;26;
6297;476601;IN_PROGRESS;10;
6297;45277;IN_PROGRESS;47;
6300;14052;UNASSIGNED;-1;
6301;14052;ASSIGNED;43;
6303;905695;DELIVERED;50;
6440;928153;UNASSIGNED;-1;
6441;928153;ASSIGNED;21;
6471;801539;IN_PROGRESS;45;
6471;236043;IN_PROGRESS;45;
6471;320782;DELIVERED;45;
6509;855455;DELIVERED;19;
6530;414232;DELIVERED;4;
6540;549448;UNASSIGNED;-1;
6541;549448;ASSIGNED;7;
6570;996082;UNASSIGNED;-1;
6571;996082;ASSIGNED;18;
6588;541590;UNASSIGNED;-1;
6589;541590;ASSIGNED;36;
6598;995182;DELIVERED;28;
6681;850575;DELIVERED;6;
6710;408794;DELIVERED;8;
6712;575208;IN_PROGRESS;16;
6712;177802;UNASSIGNED;-1;
6713;177802;ASSIGNED;9;
6759;207129;DELIVERED;15;
6789;637872;IN_PROGRESS;11;
6819;737391;UNASSIGNED;-1;
6820;737391;ASSIGNED;14;
6833;603718;IN_PROGRESS;41;
6838;865488;DELIVERED;33;
6951;516026;IN_PROGRESS;21;
7006;935047;IN_PROGRESS;43;
7018;578800;DELIVERED;34;
7154;889684;IN_PROGRESS;9;
7175;374954;IN_PROGRESS;50;
7179;375970;UNASSIGNED;-1;
7180;375970;ASSIGNED;6;
7209;33525;IN_PROGRESS;28;
7283;110335;DELIVERED;40;
7289;886370;DELIVERED;26;
7320;151797;UNASSIGNED;-1;
7321;151797;ASSIGNED;15;
7320;624074;UNASSIGNED;-1;
7321;624074;ASSIGNED;14;
7370;30320;DELIVERED;4;
7410;959775;IN_PROGRESS;24;
7428;672128;DELIVERED;22;
7514;750701;DELIVERED;46;
7535;996082;IN_PROGRESS;18;
7560;411939;UNASSIGNED;-1;
7561;411939;ASSIGNED;36;
7636;723925;DELIVERED;43;
7636;935047;DELIVERED;43;
7670;424583;UNASSIGNED;-1;
7671;424583;ASSIGNED;47;
7696;945581;IN_PROGRESS;5;
7696;506497;IN_PROGRESS;5;
7696;774178;IN_PROGRESS;5;
7696;441388;IN_PROGRESS;5;
7880;432165;UNASSIGNED;-1;
7881;432165;ASSIGNED;16;
7911;472577;DELIVERED;8;
7961;928153;IN_PROGRESS;21;
7961;25867;DELIVERED;21;
7961;516026;DELIVERED;21;
7971;375970;IN_PROGRESS;6;
8003;996082;DELIVERED;18;
8003;574177;UNASSIGNED;-1;
8004;574177;ASSIGNED;15;
8048;624348;IN_PROGRESS;50;
8120;151797;IN_PROGRESS;15;
8127;310779;IN_PROGRESS;36;
8206;638538;IN_PROGRESS;33;
8206;608445;IN_PROGRESS;33;
8206;488012;IN_PROGRESS;33;
8206;708217;IN_PROGRESS;33;
8242;556083;DELIVERED;14;
8242;690471;UNASSIGNED;-1;
8243;690471;ASSIGNED;45;
8250;924313;DELIVERED;26;
8335;637872;DELIVERED;11;
8370;201703;DELIVERED;30;
8404;242878;IN_PROGRESS;19;
8408;298172;DELIVERED;7;
8442;758712;IN_PROGRESS;8;
8442;963201;IN_PROGRESS;8;
8508;985550;IN_PROGRESS;34;
8529;424583;IN_PROGRESS;47;
8540;761045;UNASSIGNED;-1;
8541;761045;ASSIGNED;36;
8606;507178;DELIVERED;49;
8710;422286;UNASSIGNED;-1;
8711;422286;ASSIGNED;43;
8780;365380;DELIVERED;26;
8787;923729;UNASSIGNED;-1;
8788;923729;ASSIGNED;36;
8787;487114;UNASSIGNED;-1;
8788;487114;ASSIGNED;36;
8865;603718;DELIVERED;41;
8924;104619;IN_PROGRESS;9;
8982;549448;IN_PROGRESS;7;
9016;574177;IN_PROGRESS;15;
9201;966210;DELIVERED;30;
9201;488958;UNASSIGNED;-1;
9202;488958;ASSIGNED;26;
9219;218713;DELIVERED;18;
9275;432165;IN_PROGRESS;16;
9275;575208;DELIVERED;16;
9299;242878;DELIVERED;19;
9299;430623;DELIVERED;19;
9310;989579;IN_PROGRESS;28;
9310;33525;DELIVERED;28;
9345;571750;IN_PROGRESS;10;
9383;737391;IN_PROGRESS;14;
9383;438096;DELIVERED;14;
9391;14052;IN_PROGRESS;43;
9391;440451;DELIVERED;43;
9395;754499;IN_PROGRESS;41;
9396;593659;IN_PROGRESS;11;
9396;116446;IN_PROGRESS;11;
9455;310779;DELIVERED;36;
9475;428005;DELIVERED;49;
9486;488012;DELIVERED;33;
9494;17969;UNASSIGNED;-1;
9495;17969;ASSIGNED;26;
9535;441388;DELIVERED;5;
9627;513998;IN_PROGRESS;27;
9627;336386;IN_PROGRESS;27;
9627;964865;IN_PROGRESS;27;
9627;960694;IN_PROGRESS;27;
9667;70086;IN_PROGRESS;40;
9667;714452;IN_PROGRESS;40;
9720;635902;UNASSIGNED;-1;
9721;635902;ASSIGNED;14;
9754;549448;DELIVERED;7;
9759;105337;UNASSIGNED;-1;
9760;105337;ASSIGNED;14;
9796;488958;IN_PROGRESS;26;
9884;355443;IN_PROGRESS;30;
9900;840530;UNASSIGNED;-1;
9901;840530;ASSIGNED;7;
9925;375970;DELIVERED;6;
9969;624348;DELIVERED;50;
10037;339618;IN_PROGRESS;36;
10059;638538;DELIVERED;33;
10130;614704;UNASSIGNED;-1;
10131;614704;ASSIGNED;46;
10253;959775;DELIVERED;24;
10253;641650;UNASSIGNED;-1;
10254;641650;ASSIGNED;50;
10367;774178;DELIVERED;5;
10395;690471;IN_PROGRESS;45;
10400;455499;UNASSIGNED;-1;
10401;455499;ASSIGNED;19;
10479;424583;DELIVERED;47;
10479;45277;DELIVERED;47;
10539;181998;UNASSIGNED;-1;
10540;181998;ASSIGNED;19;
10580;509003;UNASSIGNED;-1;
10581;509003;ASSIGNED;4;
10580;797084;UNASSIGNED;-1;
10581;797084;ASSIGNED;46;
10591;608445;DELIVERED;33;
10595;437744;IN_PROGRESS;11;
10595;421202;IN_PROGRESS;11;
10619;455499;IN_PROGRESS;19;
10637;951104;IN_PROGRESS;5;
10637;266634;IN_PROGRESS;5;
10691;268753;DELIVERED;49;
10699;624074;IN_PROGRESS;14;
10699;105337;IN_PROGRESS;14;
10699;635902;IN_PROGRESS;14;
10699;737391;DELIVERED;14;
10730;509003;IN_PROGRESS;4;
10760;68623;UNASSIGNED;-1;
10761;68623;ASSIGNED;50;
10782;840530;IN_PROGRESS;7;
10813;70547;IN_PROGRESS;8;
10813;963201;DELIVERED;8;
10868;339618;DELIVERED;36;
10880;707581;UNASSIGNED;-1;
10881;707581;ASSIGNED;22;
10894;714452;DELIVERED;40;
10911;754499;DELIVERED;41;
10950;422286;IN_PROGRESS;43;
10980;920148;UNASSIGNED;-1;
10981;920148;ASSIGNED;10;
10995;83685;UNASSIGNED;-1;
10996;83685;ASSIGNED;18;
11002;17969;IN_PROGRESS;26;
11012;571750;DELIVERED;10;
11065;723931;DELIVERED;6;
11065;796523;UNASSIGNED;-1;
11066;796523;ASSIGNED;4;
11122;708217;DELIVERED;33;
11234;641650;IN_PROGRESS;50;
11234;374954;DELIVERED;50;
11380;181998;IN_PROGRESS;19;
11427;70086;DELIVERED;40;
11452;960694;DELIVERED;27;
11452;105337;DELIVERED;14;
11465;178983;IN_PROGRESS;47;
11465;282006;DELIVERED;41;
11566;920148;IN_PROGRESS;10;
11566;476601;DELIVERED;10;
11606;157063;IN_PROGRESS;30;
11606;712519;IN_PROGRESS;30;
11606;96676;IN_PROGRESS;30;
11687;614704;IN_PROGRESS;46;
11729;313733;IN_PROGRESS;49;
11858;574177;DELIVERED;15;
11872;70547;DELIVERED;8;
11872;758712;DELIVERED;8;
11900;178983;DELIVERED;47;
11931;989579;DELIVERED;28;
11932;543930;IN_PROGRESS;33;
11932;862668;IN_PROGRESS;33;
11932;414285;IN_PROGRESS;33;
11932;850212;IN_PROGRESS;33;
11961;14052;DELIVERED;43;
11961;422286;DELIVERED;43;
11986;226380;IN_PROGRESS;40;
12012;68623;IN_PROGRESS;50;
12052;690471;DELIVERED;45;
12120;267693;UNASSIGNED;-1;
12121;267693;ASSIGNED;34;
12198;797084;IN_PROGRESS;46;
12385;905994;UNASSIGNED;-1;
12386;905994;ASSIGNED;10;
12395;964865;DELIVERED;27;
12395;523745;UNASSIGNED;-1;
12396;523745;ASSIGNED;27;
12413;432165;DELIVERED;16;
12438;928153;DELIVERED;21;
12472;840530;DELIVERED;7;
12524;889684;DELIVERED;9;
12542;951104;DELIVERED;5;
12588;163418;UNASSIGNED;-1;
12589;163418;ASSIGNED;8;
12627;796523;IN_PROGRESS;4;
12725;1908;UNASSIGNED;-1;
12726;1908;ASSIGNED;30;
12784;780913;DELIVERED;35;
12854;236043;DELIVERED;45;
12861;400901;UNASSIGNED;-1;
12862;400901;ASSIGNED;16;
12879;756034;IN_PROGRESS;49;
12879;257957;IN_PROGRESS;49;
12900;709275;UNASSIGNED;-1;
12901;709275;ASSIGNED;16;
12959;513998;DELIVERED;27;
12978;83685;IN_PROGRESS;18;
13080;507286;UNASSIGNED;-1;
13081;507286;ASSIGNED;24;
13085;616564;IN_PROGRESS;40;
13085;275111;IN_PROGRESS;40;
13085;555814;IN_PROGRESS;40;
13253;507286;IN_PROGRESS;24;
13285;317412;UNASSIGNED;-1;
13286;317412;ASSIGNED;14;
13397;405939;IN_PROGRESS;36;
13397;785814;IN_PROGRESS;36;
13397;453299;IN_PROGRESS;36;
13400;400901;IN_PROGRESS;16;
13476;414285;DELIVERED;33;
13492;17969;DELIVERED;26;
13511;358820;IN_PROGRESS;7;
13511;590801;IN_PROGRESS;7;
13511;18230;IN_PROGRESS;7;
13511;366148;IN_PROGRESS;7;
13527;181998;DELIVERED;19;
13585;318944;UNASSIGNED;-1;
13586;318944;ASSIGNED;21;
13653;523745;IN_PROGRESS;27;
13653;336386;DELIVERED;27;
13800;905994;IN_PROGRESS;10;
13818;318944;IN_PROGRESS;21;
14038;68623;DELIVERED;50;
14105;327336;UNASSIGNED;-1;
14106;327336;ASSIGNED;21;
14146;823648;IN_PROGRESS;33;
14175;756034;DELIVERED;49;
14219;938268;IN_PROGRESS;35;
14225;965210;UNASSIGNED;-1;
14226;965210;ASSIGNED;15;
14239;507286;DELIVERED;24;
14292;801539;DELIVERED;45;
14401;317412;IN_PROGRESS;14;
14405;410125;UNASSIGNED;-1;
14406;410125;ASSIGNED;40;
14512;797084;DELIVERED;46;
14571;945581;DELIVERED;5;
14571;266634;DELIVERED;5;
14571;506497;DELIVERED;5;
14581;796523;DELIVERED;4;
14651;151797;DELIVERED;15;
14668;163418;IN_PROGRESS;8;
14702;905994;DELIVERED;10;
14725;156802;UNASSIGNED;-1;
14726;156802;ASSIGNED;15;
14901;323044;UNASSIGNED;-1;
14902;323044;ASSIGNED;47;
14930;488958;DELIVERED;26;
15080;614704;DELIVERED;46;
15181;965210;IN_PROGRESS;15;
15192;509003;DELIVERED;4;
15251;707581;IN_PROGRESS;22;
15300;177802;IN_PROGRESS;9;
15411;588568;UNASSIGNED;-1;
15412;588568;ASSIGNED;41;
15471;117349;UNASSIGNED;-1;
15472;117349;ASSIGNED;37;
15564;641650;DELIVERED;50;
15711;117349;IN_PROGRESS;37;
15768;397634;UNASSIGNED;-1;
15769;397634;ASSIGNED;27;
15810;373379;UNASSIGNED;-1;
15811;373379;ASSIGNED;34;
15912;174584;UNASSIGNED;-1;
15913;174584;ASSIGNED;34;
16009;964757;IN_PROGRESS;49;
16260;483458;UNASSIGNED;-1;
16261;483458;ASSIGNED;37;
16270;588568;IN_PROGRESS;41;
16351;709275;IN_PROGRESS;16;
16659;323044;IN_PROGRESS;47;
16705;463466;UNASSIGNED;-1;
16706;463466;ASSIGNED;7;
16971;483458;IN_PROGRESS;37;
17055;588568;DELIVERED;41;
17074;810457;DELIVERED;35;
17074;938268;DELIVERED;35;
17160;342073;UNASSIGNED;-1;
17161;342073;ASSIGNED;9;
17366;709275;DELIVERED;16;
17486;985550;DELIVERED;34;
17540;491666;UNASSIGNED;-1;
17541;491666;ASSIGNED;33;
17725;391945;UNASSIGNED;-1;
17726;391945;ASSIGNED;9;
17751;920148;DELIVERED;10;
17760;141957;UNASSIGNED;-1;
17761;141957;ASSIGNED;15;
17922;397634;IN_PROGRESS;27;
18032;276746;DELIVERED;35;
18032;663650;UNASSIGNED;-1;
18033;663650;ASSIGNED;21;
18097;480850;DELIVERED;34;
18097;577114;DELIVERED;34;
18127;400901;DELIVERED;16;
18194;327336;IN_PROGRESS;21;
18194;318944;DELIVERED;21;
18215;483458;DELIVERED;37;
18262;257957;DELIVERED;49;
18262;964757;DELIVERED;49;
18309;342073;IN_PROGRESS;9;
18309;391945;IN_PROGRESS;9;
18309;104619;DELIVERED;9;
18309;177802;DELIVERED;9;
18325;358878;UNASSIGNED;-1;
18326;358878;ASSIGNED;15;
18565;624004;UNASSIGNED;-1;
18566;624004;ASSIGNED;15;
18684;163418;DELIVERED;8;
18708;267693;IN_PROGRESS;34;
18708;914881;DELIVERED;34;
18768;994870;UNASSIGNED;-1;
18769;994870;ASSIGNED;36;
18855;748495;UNASSIGNED;-1;
18856;748495;ASSIGNED;21;
19186;437744;DELIVERED;11;
19186;83685;DELIVERED;18;
19327;790137;UNASSIGNED;-1;
19328;790137;ASSIGNED;28;
19338;313733;DELIVERED;49;
19347;391945;DELIVERED;9;
19402;663650;IN_PROGRESS;21;
19402;327336;DELIVERED;21;
19460;667935;UNASSIGNED;-1;
19461;667935;ASSIGNED;37;
19491;790137;IN_PROGRESS;28;
19525;414373;UNASSIGNED;-1;
19526;414373;ASSIGNED;7;
19585;945117;UNASSIGNED;-1;
19586;945117;ASSIGNED;6;
19646;582469;DELIVERED;35;
19701;936970;UNASSIGNED;-1;
19702;936970;ASSIGNED;41;
19766;397425;UNASSIGNED;-1;
19767;397425;ASSIGNED;18;
19773;346445;DELIVERED;49;
19773;175201;UNASSIGNED;-1;
19774;175201;ASSIGNED;8;
19825;945117;IN_PROGRESS;6;
19931;663650;DELIVERED;21;
19969;342073;DELIVERED;9;
20211;926096;UNASSIGNED;-1;
20212;926096;ASSIGNED;41;
20323;936970;IN_PROGRESS;41;
20360;267693;DELIVERED;34;
20391;8793;UNASSIGNED;-1;
20392;8793;ASSIGNED;6;
20433;874019;UNASSIGNED;-1;
20434;874019;ASSIGNED;21;
20458;175201;IN_PROGRESS;8;
20479;712519;DELIVERED;30;
20565;397425;IN_PROGRESS;18;
20571;491674;UNASSIGNED;-1;
20572;491674;ASSIGNED;8;
20596;397634;DELIVERED;27;
20606;331717;UNASSIGNED;-1;
20607;331717;ASSIGNED;46;
20724;149107;UNASSIGNED;-1;
20725;149107;ASSIGNED;4;
20780;331717;IN_PROGRESS;46;
20793;148234;UNASSIGNED;-1;
20794;148234;ASSIGNED;41;
20840;359336;UNASSIGNED;-1;
20841;359336;ASSIGNED;46;
20892;373379;IN_PROGRESS;34;
20952;371182;IN_PROGRESS;11;
21052;763401;UNASSIGNED;-1;
21053;763401;ASSIGNED;47;
21111;390897;UNASSIGNED;-1;
21112;390897;ASSIGNED;47;
21145;96676;DELIVERED;30;
21164;790137;DELIVERED;28;
21285;323044;DELIVERED;47;
21285;904183;UNASSIGNED;-1;
21286;904183;ASSIGNED;19;
21382;149107;IN_PROGRESS;4;
21612;450654;UNASSIGNED;-1;
21613;450654;ASSIGNED;6;
21670;336569;UNASSIGNED;-1;
21671;336569;ASSIGNED;37;
21879;874019;IN_PROGRESS;21;
21986;354462;UNASSIGNED;-1;
21987;354462;ASSIGNED;47;
22190;413740;UNASSIGNED;-1;
22191;413740;ASSIGNED;5;
22286;496808;UNASSIGNED;-1;
22287;496808;ASSIGNED;10;
22319;157063;DELIVERED;30;
22351;523745;DELIVERED;27;
22646;571087;UNASSIGNED;-1;
22647;571087;ASSIGNED;46;
22803;616563;UNASSIGNED;-1;
22804;616563;ASSIGNED;43;
22941;1908;IN_PROGRESS;30;
22949;405939;DELIVERED;36;
22949;175201;DELIVERED;8;
22990;519789;UNASSIGNED;-1;
22991;519789;ASSIGNED;4;
23094;874019;DELIVERED;21;
23113;397425;DELIVERED;18;
23193;177631;UNASSIGNED;-1;
23194;177631;ASSIGNED;33;
23206;590801;DELIVERED;7;
23206;455499;DELIVERED;19;
23313;48399;UNASSIGNED;-1;
23314;48399;ASSIGNED;8;
23379;748495;IN_PROGRESS;21;
23420;620064;UNASSIGNED;-1;
23421;620064;ASSIGNED;37;
23481;491674;IN_PROGRESS;8;
23619;648002;IN_PROGRESS;36;
23656;371182;DELIVERED;11;
23896;616564;DELIVERED;40;
23900;712747;UNASSIGNED;-1;
23901;712747;ASSIGNED;46;
23929;411689;UNASSIGNED;-1;
23930;411689;ASSIGNED;47;
24094;823648;DELIVERED;33;
24209;174584;IN_PROGRESS;34;
24209;9275;UNASSIGNED;-1;
24210;9275;ASSIGNED;8;
24214;491666;IN_PROGRESS;33;
24393;231304;UNASSIGNED;-1;
24394;231304;ASSIGNED;19;
24430;702298;UNASSIGNED;-1;
24431;702298;ASSIGNED;18;
24547;410125;IN_PROGRESS;40;
24742;355443;DELIVERED;30;
24742;1908;DELIVERED;30;
24753;463466;IN_PROGRESS;7;
24779;923729;IN_PROGRESS;36;
24970;174584;DELIVERED;34;
25042;680904;UNASSIGNED;-1;
25043;680904;ASSIGNED;34;
25251;680904;IN_PROGRESS;34;
25270;421202;DELIVERED;11;
25369;497912;UNASSIGNED;-1;
25370;497912;ASSIGNED;50;
25489;585909;UNASSIGNED;-1;
25490;585909;ASSIGNED;10;
25690;568490;UNASSIGNED;-1;
25691;568490;ASSIGNED;6;
25826;6528;UNASSIGNED;-1;
25827;6528;ASSIGNED;40;
25886;554146;UNASSIGNED;-1;
25887;554146;ASSIGNED;14;
25930;516007;UNASSIGNED;-1;
25931;516007;ASSIGNED;10;
26062;258683;UNASSIGNED;-1;
26063;258683;ASSIGNED;18;
26089;55738;UNASSIGNED;-1;
26090;55738;ASSIGNED;50;
26123;680904;DELIVERED;34;
26166;593659;DELIVERED;11;
26166;116446;DELIVERED;11;
26269;353098;UNASSIGNED;-1;
26270;353098;ASSIGNED;50;
26606;948106;UNASSIGNED;-1;
26607;948106;ASSIGNED;9;
26620;373379;DELIVERED;34;
26740;818883;UNASSIGNED;-1;
26741;818883;ASSIGNED;46;
26770;110567;UNASSIGNED;-1;
26771;110567;ASSIGNED;9;
26920;220530;UNASSIGNED;-1;
26921;220530;ASSIGNED;26;
26980;357185;UNASSIGNED;-1;
26981;357185;ASSIGNED;6;
27070;417496;UNASSIGNED;-1;
27071;417496;ASSIGNED;36;
27132;104138;UNASSIGNED;-1;
27133;104138;ASSIGNED;24;
27246;298277;UNASSIGNED;-1;
27247;298277;ASSIGNED;28;
27340;293455;UNASSIGNED;-1;
27341;293455;ASSIGNED;28;
27566;733013;UNASSIGNED;-1;
27567;733013;ASSIGNED;43;
27580;631196;UNASSIGNED;-1;
27581;631196;ASSIGNED;43;
27626;203784;UNASSIGNED;-1;
27627;203784;ASSIGNED;26;
27626;144806;UNASSIGNED;-1;
27627;144806;ASSIGNED;14;
27866;736775;UNASSIGNED;-1;
27867;736775;ASSIGNED;6;
27929;555814;DELIVERED;40;
27929;410125;DELIVERED;40;
28000;772294;UNASSIGNED;-1;
28001;772294;ASSIGNED;4;
28005;923729;DELIVERED;36;
28300;876059;UNASSIGNED;-1;
28301;876059;ASSIGNED;4;
28360;722504;UNASSIGNED;-1;
28361;722504;ASSIGNED;50;
28390;727575;UNASSIGNED;-1;
28391;727575;ASSIGNED;48;
28420;96764;UNASSIGNED;-1;
28421;96764;ASSIGNED;23;
28766;660160;UNASSIGNED;-1;
28767;660160;ASSIGNED;43;
28780;340078;UNASSIGNED;-1;
28781;340078;ASSIGNED;48;
28829;648002;DELIVERED;36;
28840;946295;UNASSIGNED;-1;
28841;946295;ASSIGNED;26;
28870;941668;UNASSIGNED;-1;
28871;941668;ASSIGNED;28;
28887;6528;IN_PROGRESS;40;
28887;275111;DELIVERED;40;
28887;226380;DELIVERED;40;
29080;477479;UNASSIGNED;-1;
29081;477479;ASSIGNED;8;
29209;366148;DELIVERED;7;
29209;463466;DELIVERED;7;
29248;491666;DELIVERED;33;
29426;667371;UNASSIGNED;-1;
29427;667371;ASSIGNED;48;
29460;453299;DELIVERED;36;
29486;954711;UNASSIGNED;-1;
29487;954711;ASSIGNED;19;
29560;274177;UNASSIGNED;-1;
29561;274177;ASSIGNED;49;
29654;948106;IN_PROGRESS;9;
29666;550981;UNASSIGNED;-1;
29667;550981;ASSIGNED;49;
29844;6528;DELIVERED;40;
30027;862668;DELIVERED;33;
30040;450593;UNASSIGNED;-1;
30041;450593;ASSIGNED;49;
30198;110567;IN_PROGRESS;9;
30250;824428;UNASSIGNED;-1;
30251;824428;ASSIGNED;40;
30383;785814;DELIVERED;36;
30535;414373;IN_PROGRESS;7;
30610;362649;UNASSIGNED;-1;
30611;362649;ASSIGNED;4;
30760;645039;UNASSIGNED;-1;
30761;645039;ASSIGNED;1;
30806;543930;DELIVERED;33;
30880;201463;UNASSIGNED;-1;
30881;201463;ASSIGNED;10;
31120;824428;IN_PROGRESS;40;
31210;354162;UNASSIGNED;-1;
31211;354162;ASSIGNED;24;
31240;634465;UNASSIGNED;-1;
31241;634465;ASSIGNED;14;
31346;805872;UNASSIGNED;-1;
31347;805872;ASSIGNED;14;
31430;18230;DELIVERED;7;
31430;414373;DELIVERED;7;
31476;110567;DELIVERED;9;
31526;927826;UNASSIGNED;-1;
31527;927826;ASSIGNED;8;
31654;645039;IN_PROGRESS;1;
32006;911376;UNASSIGNED;-1;
32007;911376;ASSIGNED;10;
32160;850212;DELIVERED;33;
32306;313704;UNASSIGNED;-1;
32307;313704;ASSIGNED;24;
32325;358820;DELIVERED;7;
32586;30459;UNASSIGNED;-1;
32587;30459;ASSIGNED;37;
32590;559268;UNASSIGNED;-1;
32591;559268;ASSIGNED;15;
32805;359493;UNASSIGNED;-1;
32806;359493;ASSIGNED;36;
32830;493501;UNASSIGNED;-1;
32831;493501;ASSIGNED;46;
32830;607960;UNASSIGNED;-1;
32831;607960;ASSIGNED;19;
32865;170160;UNASSIGNED;-1;
32866;170160;ASSIGNED;1;
32950;68002;UNASSIGNED;-1;
32951;68002;ASSIGNED;24;
33045;292740;UNASSIGNED;-1;
33046;292740;ASSIGNED;26;
33165;839686;UNASSIGNED;-1;
33166;839686;ASSIGNED;48;
33220;592350;UNASSIGNED;-1;
33221;592350;ASSIGNED;41;
33376;177631;IN_PROGRESS;33;
33392;503109;IN_PROGRESS;36;
33800;970941;UNASSIGNED;-1;
33801;970941;ASSIGNED;48;
33966;967632;UNASSIGNED;-1;
33967;967632;ASSIGNED;14;
34120;736338;UNASSIGNED;-1;
34121;736338;ASSIGNED;33;
34204;645039;DELIVERED;1;
34210;675379;UNASSIGNED;-1;
34211;675379;ASSIGNED;10;
34220;697976;UNASSIGNED;-1;
34221;697976;ASSIGNED;48;
34702;767738;UNASSIGNED;-1;
34703;767738;ASSIGNED;14;
34810;477925;UNASSIGNED;-1;
34811;477925;ASSIGNED;45;
34841;824428;DELIVERED;40;
35035;170160;IN_PROGRESS;1;
35151;96764;IN_PROGRESS;23;
35155;736338;IN_PROGRESS;33;
35155;177631;DELIVERED;33;
35362;298662;UNASSIGNED;-1;
35363;298662;ASSIGNED;19;
35410;558474;UNASSIGNED;-1;
35411;558474;ASSIGNED;33;
35782;406052;UNASSIGNED;-1;
35783;406052;ASSIGNED;9;
35782;632193;UNASSIGNED;-1;
35783;632193;ASSIGNED;2;
35850;558474;IN_PROGRESS;33;
35850;736338;DELIVERED;33;
35865;539681;UNASSIGNED;-1;
35866;539681;ASSIGNED;9;
35950;378764;UNASSIGNED;-1;
35951;378764;ASSIGNED;33;
36070;73704;UNASSIGNED;-1;
36071;73704;ASSIGNED;21;
36184;632193;IN_PROGRESS;2;
36225;378764;IN_PROGRESS;33;
36285;231878;UNASSIGNED;-1;
36286;231878;ASSIGNED;2;
36310;43777;UNASSIGNED;-1;
36311;43777;ASSIGNED;19;
36330;337305;UNASSIGNED;-1;
36331;337305;ASSIGNED;36;
36341;151894;UNASSIGNED;-1;
36342;151894;ASSIGNED;14;
36779;378764;DELIVERED;33;
36825;107043;UNASSIGNED;-1;
36826;107043;ASSIGNED;24;
36970;711269;UNASSIGNED;-1;
36971;711269;ASSIGNED;8;
37065;146972;UNASSIGNED;-1;
37066;146972;ASSIGNED;5;
37144;503109;DELIVERED;36;
37185;281340;UNASSIGNED;-1;
37186;281340;ASSIGNED;14;
37204;170160;DELIVERED;1;
37390;558474;DELIVERED;33;
37690;372430;UNASSIGNED;-1;
37691;372430;ASSIGNED;1;
37864;372430;IN_PROGRESS;1;
37882;102050;UNASSIGNED;-1;
37883;102050;ASSIGNED;49;
37905;822299;UNASSIGNED;-1;
37906;822299;ASSIGNED;50;
38273;96764;DELIVERED;23;
38331;231878;IN_PROGRESS;2;
38420;666757;UNASSIGNED;-1;
38421;666757;ASSIGNED;23;
38530;296762;UNASSIGNED;-1;
38531;296762;ASSIGNED;49;
39119;666757;IN_PROGRESS;23;
39119;26820;UNASSIGNED;-1;
39120;26820;ASSIGNED;1;
39200;663985;UNASSIGNED;-1;
39201;663985;ASSIGNED;26;
39405;560470;UNASSIGNED;-1;
39406;560470;ASSIGNED;46;
39740;80455;UNASSIGNED;-1;
39741;80455;ASSIGNED;46;
39860;807501;UNASSIGNED;-1;
39861;807501;ASSIGNED;23;
40125;170493;UNASSIGNED;-1;
40126;170493;ASSIGNED;15;
40125;796806;UNASSIGNED;-1;
40126;796806;ASSIGNED;50;
40220;190217;UNASSIGNED;-1;
40221;190217;ASSIGNED;5;
40431;26820;IN_PROGRESS;1;
40605;42164;UNASSIGNED;-1;
40606;42164;ASSIGNED;19;
40739;231878;DELIVERED;2;
40888;807501;IN_PROGRESS;23;
40888;938159;UNASSIGNED;-1;
40889;938159;ASSIGNED;2;
40888;377654;UNASSIGNED;-1;
40889;377654;ASSIGNED;17;
40928;26820;DELIVERED;1;
40928;372430;DELIVERED;1;
41060;70882;UNASSIGNED;-1;
41061;70882;ASSIGNED;15;
41060;6585;UNASSIGNED;-1;
41061;6585;ASSIGNED;12;
41110;894315;UNASSIGNED;-1;
41111;894315;ASSIGNED;17;
41290;54975;UNASSIGNED;-1;
41291;54975;ASSIGNED;50;
41360;959251;UNASSIGNED;-1;
41361;959251;ASSIGNED;41;
41410;135918;UNASSIGNED;-1;
41411;135918;ASSIGNED;16;
41480;599635;UNASSIGNED;-1;
41481;599635;ASSIGNED;16;
41696;6585;IN_PROGRESS;12;
41716;377654;IN_PROGRESS;17;
41780;991974;UNASSIGNED;-1;
41781;991974;ASSIGNED;9;
42260;837978;UNASSIGNED;-1;
42261;837978;ASSIGNED;41;
42380;519674;UNASSIGNED;-1;
42381;519674;ASSIGNED;9;
42554;45953;IN_PROGRESS;36;
42740;152706;UNASSIGNED;-1;
42741;152706;ASSIGNED;5;
42920;158277;UNASSIGNED;-1;
42921;158277;ASSIGNED;9;
43090;262574;UNASSIGNED;-1;
43091;262574;ASSIGNED;21;
43128;807501;DELIVERED;23;
43160;894315;IN_PROGRESS;17;
43160;443536;UNASSIGNED;-1;
43161;443536;ASSIGNED;8;
43460;370371;UNASSIGNED;-1;
43461;370371;ASSIGNED;8;
43940;861153;UNASSIGNED;-1;
43941;861153;ASSIGNED;12;
44193;666757;DELIVERED;23;
44290;447245;UNASSIGNED;-1;
44291;447245;ASSIGNED;26;
44613;954232;UNASSIGNED;-1;
44614;954232;ASSIGNED;15;
44617;938159;IN_PROGRESS;2;
44688;894315;DELIVERED;17;
44733;719716;UNASSIGNED;-1;
44734;719716;ASSIGNED;26;
44853;479231;UNASSIGNED;-1;
44854;479231;ASSIGNED;49;
45190;484152;UNASSIGNED;-1;
45191;484152;ASSIGNED;17;
45213;888767;UNASSIGNED;-1;
45214;888767;ASSIGNED;24;
45333;998458;UNASSIGNED;-1;
45334;998458;ASSIGNED;50;
45393;115067;UNASSIGNED;-1;
45394;115067;ASSIGNED;17;
45813;783305;UNASSIGNED;-1;
45814;783305;ASSIGNED;19;
45963;484152;IN_PROGRESS;17;
45963;377654;DELIVERED;17;
46353;122860;UNASSIGNED;-1;
46354;122860;ASSIGNED;50;
46473;546607;UNASSIGNED;-1;
46474;546607;ASSIGNED;27;
46531;115067;IN_PROGRESS;17;
47033;484152;DELIVERED;17;
47033;115067;DELIVERED;17;
47033;873491;UNASSIGNED;-1;
47034;873491;ASSIGNED;23;
47180;802919;UNASSIGNED;-1;
47181;802919;ASSIGNED;27;
47273;836989;UNASSIGNED;-1;
47274;836989;ASSIGNED;24;
47300;244765;UNASSIGNED;-1;
47301;244765;ASSIGNED;2;
47480;428345;UNASSIGNED;-1;
47481;428345;ASSIGNED;21;
47602;873491;IN_PROGRESS;23;
47710;757115;UNASSIGNED;-1;
47711;757115;ASSIGNED;23;
47780;955997;UNASSIGNED;-1;
47781;955997;ASSIGNED;1;
48200;313724;UNASSIGNED;-1;
48201;313724;ASSIGNED;12;
48320;757115;IN_PROGRESS;23;
48490;939821;UNASSIGNED;-1;
48491;939821;ASSIGNED;5;
48550;12079;UNASSIGNED;-1;
48551;12079;ASSIGNED;17;
48560;476816;UNASSIGNED;-1;
48561;476816;ASSIGNED;24;
49040;380057;UNASSIGNED;-1;
49041;380057;ASSIGNED;11;
49100;425742;UNASSIGNED;-1;
49101;425742;ASSIGNED;1;
49221;12079;IN_PROGRESS;17;
49400;341468;UNASSIGNED;-1;
49401;341468;ASSIGNED;17;
49520;503533;UNASSIGNED;-1;
49521;503533;ASSIGNED;5;
49912;341468;IN_PROGRESS;17;
49990;466279;UNASSIGNED;-1;
49991;466279;ASSIGNED;23;
50120;361307;UNASSIGNED;-1;
50121;361307;ASSIGNED;50;
50240;748855;UNASSIGNED;-1;
50241;748855;ASSIGNED;39;
50240;425508;UNASSIGNED;-1;
50241;425508;ASSIGNED;4;
50376;667935;IN_PROGRESS;37;
50376;117349;DELIVERED;37;
50660;5218;UNASSIGNED;-1;
50661;5218;ASSIGNED;2;
50768;748855;IN_PROGRESS;39;
50830;603028;UNASSIGNED;-1;
50831;603028;ASSIGNED;4;
50878;336569;IN_PROGRESS;37;
51070;343503;UNASSIGNED;-1;
51071;343503;ASSIGNED;39;
51130;870522;UNASSIGNED;-1;
51131;870522;ASSIGNED;19;
51260;509365;UNASSIGNED;-1;
51261;509365;ASSIGNED;35;
51320;528161;UNASSIGNED;-1;
51321;528161;ASSIGNED;24;
51357;466279;IN_PROGRESS;23;
51380;379255;UNASSIGNED;-1;
51381;379255;ASSIGNED;33;
51490;104138;IN_PROGRESS;24;
51906;343503;IN_PROGRESS;39;
52100;190009;UNASSIGNED;-1;
52101;190009;ASSIGNED;8;
52220;680345;UNASSIGNED;-1;
52221;680345;ASSIGNED;8;
52280;614431;UNASSIGNED;-1;
52281;614431;ASSIGNED;36;
52329;104138;DELIVERED;24;
52373;336569;DELIVERED;37;
52373;278697;UNASSIGNED;-1;
52374;278697;ASSIGNED;17;
52460;169481;UNASSIGNED;-1;
52461;169481;ASSIGNED;5;
52750;775670;UNASSIGNED;-1;
52751;775670;ASSIGNED;33;
52760;207792;UNASSIGNED;-1;
52761;207792;ASSIGNED;36;
52884;667935;DELIVERED;37;
52940;191049;UNASSIGNED;-1;
52941;191049;ASSIGNED;28;
53101;354162;IN_PROGRESS;24;
53110;829424;UNASSIGNED;-1;
53111;829424;ASSIGNED;17;
53290;727575;IN_PROGRESS;48;
53540;737917;UNASSIGNED;-1;
53541;737917;ASSIGNED;31;
53660;478649;UNASSIGNED;-1;
53661;478649;ASSIGNED;31;
53730;193866;UNASSIGNED;-1;
53731;193866;ASSIGNED;9;
53873;313704;IN_PROGRESS;24;
53896;343503;DELIVERED;39;
53900;22811;UNASSIGNED;-1;
53901;22811;ASSIGNED;28;
53995;620064;IN_PROGRESS;37;
54260;319659;UNASSIGNED;-1;
54261;319659;ASSIGNED;15;
54320;398921;UNASSIGNED;-1;
54321;398921;ASSIGNED;15;
54391;466279;DELIVERED;23;
54393;748855;DELIVERED;39;
54616;737917;IN_PROGRESS;31;
54873;184390;UNASSIGNED;-1;
54874;184390;ASSIGNED;9;
55233;807744;UNASSIGNED;-1;
55234;807744;ASSIGNED;40;
55419;478649;IN_PROGRESS;31;
55467;757115;DELIVERED;23;
55471;616563;IN_PROGRESS;43;
55501;620064;DELIVERED;37;
55820;65935;UNASSIGNED;-1;
55821;65935;ASSIGNED;15;
56136;667371;IN_PROGRESS;48;
56136;340078;IN_PROGRESS;48;
56170;563870;UNASSIGNED;-1;
56171;563870;ASSIGNED;40;
56307;68002;IN_PROGRESS;24;
56433;552156;UNASSIGNED;-1;
56434;552156;ASSIGNED;12;
56479;30459;IN_PROGRESS;37;
56493;960262;UNASSIGNED;-1;
56494;960262;ASSIGNED;11;
56809;68002;DELIVERED;24;
56829;873491;DELIVERED;23;
56890;218521;UNASSIGNED;-1;
56891;218521;ASSIGNED;11;
57167;8793;IN_PROGRESS;6;
57199;478649;DELIVERED;31;
57310;195387;UNASSIGNED;-1;
57311;195387;ASSIGNED;1;
57393;207688;UNASSIGNED;-1;
57394;207688;ASSIGNED;36;
57620;481578;UNASSIGNED;-1;
57621;481578;ASSIGNED;26;
57633;239472;UNASSIGNED;-1;
57634;239472;ASSIGNED;5;
57730;321575;UNASSIGNED;-1;
57731;321575;ASSIGNED;9;
57873;891093;UNASSIGNED;-1;
57874;891093;ASSIGNED;17;
58173;233147;UNASSIGNED;-1;
58174;233147;ASSIGNED;31;
58210;108649;UNASSIGNED;-1;
58211;108649;ASSIGNED;17;
58230;849532;UNASSIGNED;-1;
58231;849532;ASSIGNED;26;
58335;313704;DELIVERED;24;
58694;30459;DELIVERED;37;
58833;998496;UNASSIGNED;-1;
58834;998496;ASSIGNED;36;
58880;137625;UNASSIGNED;-1;
58881;137625;ASSIGNED;35;
58928;667371;DELIVERED;48;
59045;233147;IN_PROGRESS;31;
59045;737917;DELIVERED;31;
59120;325306;UNASSIGNED;-1;
59121;325306;ASSIGNED;17;
59120;18317;UNASSIGNED;-1;
59121;18317;ASSIGNED;14;
59133;77193;UNASSIGNED;-1;
59134;77193;ASSIGNED;49;
59373;143541;UNASSIGNED;-1;
59374;143541;ASSIGNED;31;
59449;8793;DELIVERED;6;
59450;733013;IN_PROGRESS;43;
59450;631196;IN_PROGRESS;43;
59450;616563;DELIVERED;43;
59967;354162;DELIVERED;24;
60060;340078;DELIVERED;48;
60080;709701;UNASSIGNED;-1;
60081;709701;ASSIGNED;26;
60260;311493;UNASSIGNED;-1;
60261;311493;ASSIGNED;27;
60346;450654;IN_PROGRESS;6;
60346;945117;DELIVERED;6;
60409;660160;IN_PROGRESS;43;
60440;774973;UNASSIGNED;-1;
60441;774973;ASSIGNED;1;
60500;107043;IN_PROGRESS;24;
60586;413740;IN_PROGRESS;5;
60671;839686;IN_PROGRESS;48;
60734;941342;UNASSIGNED;-1;
60735;941342;ASSIGNED;31;
61101;727575;DELIVERED;48;
61101;839686;DELIVERED;48;
61113;746884;UNASSIGNED;-1;
61114;746884;ASSIGNED;49;
61218;568490;IN_PROGRESS;6;
61297;660160;DELIVERED;43;
61353;711334;UNASSIGNED;-1;
61354;711334;ASSIGNED;27;
61473;93647;UNASSIGNED;-1;
61474;93647;ASSIGNED;27;
61653;816752;UNASSIGNED;-1;
61654;816752;ASSIGNED;27;
61894;697976;IN_PROGRESS;48;
61894;970941;IN_PROGRESS;48;
61934;94589;UNASSIGNED;-1;
61935;94589;ASSIGNED;3;
62099;631196;DELIVERED;43;
62120;220218;UNASSIGNED;-1;
62121;220218;ASSIGNED;14;
62300;874073;UNASSIGNED;-1;
62301;874073;ASSIGNED;18;
62746;763401;IN_PROGRESS;47;
62746;684876;UNASSIGNED;-1;
62747;684876;ASSIGNED;11;
63139;568490;DELIVERED;6;
63200;552628;UNASSIGNED;-1;
63201;552628;ASSIGNED;11;
63419;354462;IN_PROGRESS;47;
63419;390897;IN_PROGRESS;47;
63513;131338;UNASSIGNED;-1;
63514;131338;ASSIGNED;11;
63566;888767;IN_PROGRESS;24;
63566;107043;DELIVERED;24;
63566;803173;UNASSIGNED;-1;
63567;803173;ASSIGNED;35;
63614;281338;UNASSIGNED;-1;
63615;281338;ASSIGNED;8;
63813;129930;UNASSIGNED;-1;
63814;129930;ASSIGNED;16;
63882;298277;IN_PROGRESS;28;
63942;450654;DELIVERED;6;
63944;697976;DELIVERED;48;
64002;888767;DELIVERED;24;
64113;755515;UNASSIGNED;-1;
64114;755515;ASSIGNED;8;
64160;651304;UNASSIGNED;-1;
64161;651304;ASSIGNED;12;
64173;992515;UNASSIGNED;-1;
64174;992515;ASSIGNED;22;
64293;249308;UNASSIGNED;-1;
64294;249308;ASSIGNED;43;
64343;249308;IN_PROGRESS;43;
64343;733013;DELIVERED;43;
64410;357185;IN_PROGRESS;6;
64437;836989;IN_PROGRESS;24;
64473;478092;UNASSIGNED;-1;
64474;478092;ASSIGNED;49;
64533;361105;UNASSIGNED;-1;
64534;361105;ASSIGNED;50;
64533;122754;UNASSIGNED;-1;
64534;122754;ASSIGNED;16;
64593;581631;UNASSIGNED;-1;
64594;581631;ASSIGNED;36;
64667;293455;IN_PROGRESS;28;
64690;45576;UNASSIGNED;-1;
64691;45576;ASSIGNED;17;
64892;357185;DELIVERED;6;
65195;970941;DELIVERED;48;
65199;354462;DELIVERED;47;
65199;390897;DELIVERED;47;
65199;146972;IN_PROGRESS;5;
65199;413740;DELIVERED;5;
65240;977601;UNASSIGNED;-1;
65241;977601;ASSIGNED;16;
65535;836989;DELIVERED;24;
65720;410896;UNASSIGNED;-1;
65721;410896;ASSIGNED;17;
65794;736775;IN_PROGRESS;6;
65900;800988;UNASSIGNED;-1;
65901;800988;ASSIGNED;43;
65900;442629;UNASSIGNED;-1;
65901;442629;ASSIGNED;1;
65915;833565;UNASSIGNED;-1;
65916;833565;ASSIGNED;50;
65915;34438;UNASSIGNED;-1;
65916;34438;ASSIGNED;22;
66158;476816;IN_PROGRESS;24;
66215;888669;UNASSIGNED;-1;
66216;888669;ASSIGNED;8;
66260;279194;UNASSIGNED;-1;
66261;279194;ASSIGNED;40;
66409;519789;IN_PROGRESS;4;
66409;542600;UNASSIGNED;-1;
66410;542600;ASSIGNED;50;
66455;436555;UNASSIGNED;-1;
66456;436555;ASSIGNED;2;
66591;496808;IN_PROGRESS;10;
66630;411689;IN_PROGRESS;47;
66800;803718;UNASSIGNED;-1;
66801;803718;ASSIGNED;2;
66815;844584;UNASSIGNED;-1;
66816;844584;ASSIGNED;43;
66881;844584;IN_PROGRESS;43;
66881;800988;IN_PROGRESS;43;
66907;293455;DELIVERED;28;
66952;190217;IN_PROGRESS;5;
66952;146972;DELIVERED;5;
66975;519789;DELIVERED;4;
67100;483197;UNASSIGNED;-1;
67101;483197;ASSIGNED;16;
67135;528161;IN_PROGRESS;24;
67235;337493;UNASSIGNED;-1;
67236;337493;ASSIGNED;8;
67375;298277;DELIVERED;28;
67375;267857;UNASSIGNED;-1;
67376;267857;ASSIGNED;16;
67690;135918;IN_PROGRESS;16;
67760;482375;UNASSIGNED;-1;
67761;482375;ASSIGNED;40;
67843;941668;IN_PROGRESS;28;
68135;889820;UNASSIGNED;-1;
68136;889820;ASSIGNED;27;
68244;411689;DELIVERED;47;
68255;669998;UNASSIGNED;-1;
68256;669998;ASSIGNED;40;
68443;844584;DELIVERED;43;
68840;388006;UNASSIGNED;-1;
68841;388006;ASSIGNED;27;
68962;736775;DELIVERED;6;
69052;599635;IN_PROGRESS;16;
69052;221304;UNASSIGNED;-1;
69053;221304;ASSIGNED;22;
69117;763401;DELIVERED;47;
69214;149107;DELIVERED;4;
69490;220530;IN_PROGRESS;26;
69681;528161;DELIVERED;24;
69682;932244;UNASSIGNED;-1;
69683;932244;ASSIGNED;48;
69755;851987;UNASSIGNED;-1;
69756;851987;ASSIGNED;17;
69777;853650;UNASSIGNED;-1;
69778;853650;ASSIGNED;23;
69875;932244;IN_PROGRESS;48;
69963;941668;DELIVERED;28;
70016;772294;IN_PROGRESS;4;
70017;96912;UNASSIGNED;-1;
70018;96912;ASSIGNED;40;
70057;249308;DELIVERED;43;
70057;800988;DELIVERED;43;
70222;230767;UNASSIGNED;-1;
70223;230767;ASSIGNED;17;
70357;457175;UNASSIGNED;-1;
70358;457175;ASSIGNED;27;
70501;496808;DELIVERED;10;
70574;191049;IN_PROGRESS;28;
70754;572952;UNASSIGNED;-1;
70755;572952;ASSIGNED;18;
70795;876059;IN_PROGRESS;4;
70797;169293;UNASSIGNED;-1;
70798;169293;ASSIGNED;48;
70967;152706;IN_PROGRESS;5;
70967;190217;DELIVERED;5;
71062;939645;UNASSIGNED;-1;
71063;939645;ASSIGNED;2;
71110;864453;UNASSIGNED;-1;
71111;864453;ASSIGNED;2;
71207;476816;DELIVERED;24;
71290;546607;IN_PROGRESS;27;
71497;578080;UNASSIGNED;-1;
71498;578080;ASSIGNED;22;
71542;26784;UNASSIGNED;-1;
71543;26784;ASSIGNED;22;
72097;536925;UNASSIGNED;-1;
72098;536925;ASSIGNED;36;
72107;821067;UNASSIGNED;-1;
72108;821067;ASSIGNED;23;
72237;984325;UNASSIGNED;-1;
72238;984325;ASSIGNED;18;
72439;876059;DELIVERED;4;
72472;169293;IN_PROGRESS;48;
72717;585909;IN_PROGRESS;10;
72717;516007;IN_PROGRESS;10;
72777;677285;UNASSIGNED;-1;
72778;677285;ASSIGNED;30;
72862;468595;UNASSIGNED;-1;
72863;468595;ASSIGNED;39;
72937;779822;UNASSIGNED;-1;
72938;779822;ASSIGNED;30;
73028;599635;DELIVERED;16;
73060;203784;IN_PROGRESS;26;
73060;220530;DELIVERED;26;
73137;923170;UNASSIGNED;-1;
73138;923170;ASSIGNED;41;
73256;22811;IN_PROGRESS;28;
73357;11795;UNASSIGNED;-1;
73358;11795;ASSIGNED;18;
73375;939821;IN_PROGRESS;5;
73375;152706;DELIVERED;5;
73400;401587;UNASSIGNED;-1;
73401;401587;ASSIGNED;1;
73436;802919;IN_PROGRESS;27;
73510;442488;UNASSIGNED;-1;
73511;442488;ASSIGNED;1;
73522;182111;UNASSIGNED;-1;
73523;182111;ASSIGNED;1;
73522;941839;UNASSIGNED;-1;
73523;941839;ASSIGNED;11;
73754;946295;IN_PROGRESS;26;
73756;772294;DELIVERED;4;
73967;169293;DELIVERED;48;
74042;362649;IN_PROGRESS;4;
74128;317412;DELIVERED;14;
74128;609500;UNASSIGNED;-1;
74129;609500;ASSIGNED;23;
74128;224363;UNASSIGNED;-1;
74129;224363;ASSIGNED;1;
74277;564842;UNASSIGNED;-1;
74278;564842;ASSIGNED;30;
74661;932244;DELIVERED;48;
74757;951026;UNASSIGNED;-1;
74758;951026;ASSIGNED;23;
74782;135918;DELIVERED;16;
74795;554146;IN_PROGRESS;14;
74795;624074;DELIVERED;14;
74795;635902;DELIVERED;14;
74962;345832;UNASSIGNED;-1;
74963;345832;ASSIGNED;50;
74962;215401;UNASSIGNED;-1;
74963;215401;ASSIGNED;24;
75082;807137;UNASSIGNED;-1;
75083;807137;ASSIGNED;11;
75107;215401;IN_PROGRESS;24;
75217;162447;UNASSIGNED;-1;
75218;162447;ASSIGNED;22;
75250;946295;DELIVERED;26;
75250;203784;DELIVERED;26;
75265;585909;DELIVERED;10;
75265;516007;DELIVERED;10;
75265;18974;UNASSIGNED;-1;
75266;18974;ASSIGNED;33;
75277;366938;UNASSIGNED;-1;
75278;366938;ASSIGNED;11;
75297;696422;UNASSIGNED;-1;
75298;696422;ASSIGNED;42;
75313;129930;IN_PROGRESS;16;
75457;196461;UNASSIGNED;-1;
75458;196461;ASSIGNED;39;
75502;929240;UNASSIGNED;-1;
75503;929240;ASSIGNED;30;
75682;457068;UNASSIGNED;-1;
75683;457068;ASSIGNED;40;
75682;290053;UNASSIGNED;-1;
75683;290053;ASSIGNED;25;
75752;292740;IN_PROGRESS;26;
75837;49462;UNASSIGNED;-1;
75838;49462;ASSIGNED;25;
75843;977601;IN_PROGRESS;16;
75843;122754;IN_PROGRESS;16;
76017;712913;UNASSIGNED;-1;
76018;712913;ASSIGNED;50;
76044;201463;IN_PROGRESS;10;
76197;852623;UNASSIGNED;-1;
76198;852623;ASSIGNED;36;
76228;802919;DELIVERED;27;
76285;292740;DELIVERED;26;
76314;939821;DELIVERED;5;
76353;156802;IN_PROGRESS;15;
76524;144806;IN_PROGRESS;14;
76717;611333;UNASSIGNED;-1;
76718;611333;ASSIGNED;39;
76759;311493;IN_PROGRESS;27;
76759;546607;DELIVERED;27;
76777;346204;UNASSIGNED;-1;
76778;346204;ASSIGNED;9;
76846;911376;IN_PROGRESS;10;
76846;675379;IN_PROGRESS;10;
76907;965210;DELIVERED;15;
76907;156802;DELIVERED;15;
76942;503533;IN_PROGRESS;5;
76975;977601;DELIVERED;16;
77003;22811;DELIVERED;28;
77061;215401;DELIVERED;24;
77122;215285;UNASSIGNED;-1;
77123;215285;ASSIGNED;8;
77277;261380;UNASSIGNED;-1;
77278;261380;ASSIGNED;22;
77397;195900;UNASSIGNED;-1;
77398;195900;ASSIGNED;40;
77457;88616;UNASSIGNED;-1;
77458;88616;ASSIGNED;2;
77586;122754;DELIVERED;16;
77605;425508;IN_PROGRESS;4;
77605;362649;DELIVERED;4;
77692;141957;IN_PROGRESS;15;
77917;663985;IN_PROGRESS;26;
78101;711334;IN_PROGRESS;27;
78101;311493;DELIVERED;27;
78140;483197;IN_PROGRESS;16;
78140;129930;DELIVERED;16;
78157;503533;DELIVERED;5;
78160;191049;DELIVERED;28;
78335;675379;DELIVERED;10;
78335;911376;DELIVERED;10;
78340;320825;UNASSIGNED;-1;
78341;320825;ASSIGNED;9;
78371;144806;DELIVERED;14;
78400;812873;UNASSIGNED;-1;
78401;812873;ASSIGNED;6;
78417;325568;UNASSIGNED;-1;
78418;325568;ASSIGNED;11;
78477;624004;IN_PROGRESS;15;
78537;146891;UNASSIGNED;-1;
78538;146891;ASSIGNED;5;
78586;497912;IN_PROGRESS;50;
78610;951063;UNASSIGNED;-1;
78611;951063;ASSIGNED;8;
78708;267857;IN_PROGRESS;16;
78931;603028;IN_PROGRESS;4;
79168;353098;IN_PROGRESS;50;
79454;904183;IN_PROGRESS;19;
79485;816752;IN_PROGRESS;27;
79518;812873;IN_PROGRESS;6;
79522;201463;DELIVERED;10;
79582;446230;UNASSIGNED;-1;
79583;446230;ASSIGNED;39;
79840;353098;DELIVERED;50;
79882;998010;UNASSIGNED;-1;
79883;998010;ASSIGNED;13;
79972;624004;DELIVERED;15;
80062;244219;UNASSIGNED;-1;
80063;244219;ASSIGNED;2;
80240;67635;UNASSIGNED;-1;
80241;67635;ASSIGNED;43;
80373;497912;DELIVERED;50;
80382;169481;IN_PROGRESS;5;
80387;554146;DELIVERED;14;
80397;503116;UNASSIGNED;-1;
80398;503116;ASSIGNED;23;
80477;483197;DELIVERED;16;
80477;267857;DELIVERED;16;
80480;502768;UNASSIGNED;-1;
80481;502768;ASSIGNED;9;
80662;454017;UNASSIGNED;-1;
80663;454017;ASSIGNED;43;
80722;323523;UNASSIGNED;-1;
80723;323523;ASSIGNED;8;
80782;271414;UNASSIGNED;-1;
80783;271414;ASSIGNED;7;
80842;1671;UNASSIGNED;-1;
80843;1671;ASSIGNED;7;
80867;816752;DELIVERED;27;
80969;805872;IN_PROGRESS;14;
81142;7903;UNASSIGNED;-1;
81143;7903;ASSIGNED;22;
81202;827655;UNASSIGNED;-1;
81203;827655;ASSIGNED;31;
81322;233483;UNASSIGNED;-1;
81323;233483;ASSIGNED;36;
81401;55738;IN_PROGRESS;50;
81500;358878;IN_PROGRESS;15;
81500;141957;DELIVERED;15;
81617;231304;IN_PROGRESS;19;
81617;904183;DELIVERED;19;
81641;634465;IN_PROGRESS;14;
81641;805872;DELIVERED;14;
81641;34042;UNASSIGNED;-1;
81642;34042;ASSIGNED;33;
81661;93647;IN_PROGRESS;27;
81661;711334;DELIVERED;27;
81664;663985;DELIVERED;26;
81717;435971;UNASSIGNED;-1;
81718;435971;ASSIGNED;5;
81802;702298;IN_PROGRESS;18;
81880;657174;UNASSIGNED;-1;
81881;657174;ASSIGNED;48;
81944;603028;DELIVERED;4;
82120;779890;UNASSIGNED;-1;
82121;779890;ASSIGNED;39;
82137;917191;UNASSIGNED;-1;
82138;917191;ASSIGNED;39;
82166;358878;DELIVERED;15;
82238;447245;IN_PROGRESS;26;
82454;93647;DELIVERED;27;
82454;84679;UNASSIGNED;-1;
82455;84679;ASSIGNED;30;
82510;963036;UNASSIGNED;-1;
82511;963036;ASSIGNED;13;
82557;810533;UNASSIGNED;-1;
82558;810533;ASSIGNED;17;
82817;316631;UNASSIGNED;-1;
82818;316631;ASSIGNED;22;
82832;559268;IN_PROGRESS;15;
82950;967632;IN_PROGRESS;14;
82950;634465;DELIVERED;14;
82962;169481;DELIVERED;5;
82962;185122;UNASSIGNED;-1;
82963;185122;ASSIGNED;48;
83038;425508;DELIVERED;4;
83236;767738;IN_PROGRESS;14;
83239;889820;IN_PROGRESS;27;
83248;239472;IN_PROGRESS;5;
83398;700532;UNASSIGNED;-1;
83399;700532;ASSIGNED;33;
83578;482472;UNASSIGNED;-1;
83579;482472;ASSIGNED;36;
83758;614747;UNASSIGNED;-1;
83759;614747;ASSIGNED;48;
83802;767738;DELIVERED;14;
83833;258683;IN_PROGRESS;18;
84113;722504;IN_PROGRESS;50;
84113;55738;DELIVERED;50;
84142;238121;UNASSIGNED;-1;
84143;238121;ASSIGNED;17;
84196;388006;IN_PROGRESS;27;
84220;75368;UNASSIGNED;-1;
84221;75368;ASSIGNED;5;
84233;719716;IN_PROGRESS;26;
84418;820707;UNASSIGNED;-1;
84419;820707;ASSIGNED;16;
84442;203389;UNASSIGNED;-1;
84443;203389;ASSIGNED;43;
84565;146891;IN_PROGRESS;5;
84565;239472;DELIVERED;5;
84646;151894;IN_PROGRESS;14;
84965;820707;IN_PROGRESS;16;
85090;722504;DELIVERED;50;
85258;290353;UNASSIGNED;-1;
85259;290353;ASSIGNED;16;
85347;559268;DELIVERED;15;
85396;435971;IN_PROGRESS;5;
85396;146891;DELIVERED;5;
85649;73704;IN_PROGRESS;21;
85649;748495;DELIVERED;21;
85713;822299;IN_PROGRESS;50;
85906;258683;DELIVERED;18;
86065;954711;IN_PROGRESS;19;
86065;231304;DELIVERED;19;
86122;286343;UNASSIGNED;-1;
86123;286343;ASSIGNED;5;
86269;170493;IN_PROGRESS;15;
86547;719716;DELIVERED;26;
86659;435971;DELIVERED;5;
86757;290353;IN_PROGRESS;16;
86757;820707;DELIVERED;16;
86802;874073;IN_PROGRESS;18;
86802;702298;DELIVERED;18;
86851;70882;IN_PROGRESS;15;
86905;388006;DELIVERED;27;
87340;447245;DELIVERED;26;
87340;477925;IN_PROGRESS;45;
87452;75368;IN_PROGRESS;5;
87528;151894;DELIVERED;14;
87590;607960;IN_PROGRESS;19;
87745;457175;IN_PROGRESS;27;
87745;889820;DELIVERED;27;
87770;481578;IN_PROGRESS;26;
87796;428345;IN_PROGRESS;21;
87796;262574;IN_PROGRESS;21;
87796;73704;DELIVERED;21;
87972;796806;IN_PROGRESS;50;
88034;286343;IN_PROGRESS;5;
88200;849532;IN_PROGRESS;26;
88544;281340;IN_PROGRESS;14;
88557;262574;DELIVERED;21;
88557;428345;DELIVERED;21;
88677;926096;IN_PROGRESS;41;
89024;849532;DELIVERED;26;
89069;607960;DELIVERED;19;
89105;796806;DELIVERED;50;
89290;359336;IN_PROGRESS;46;
89514;281340;DELIVERED;14;
89715;822299;DELIVERED;50;
89736;457175;DELIVERED;27;
89824;874073;DELIVERED;18;
89880;992515;IN_PROGRESS;22;
89880;707581;DELIVERED;22;
90011;18317;IN_PROGRESS;14;
90011;967632;DELIVERED;14;
90103;926096;DELIVERED;41;
90156;290353;DELIVERED;16;
90270;54975;IN_PROGRESS;50;
90292;572952;IN_PROGRESS;18;
90320;298662;IN_PROGRESS;19;
90320;954711;DELIVERED;19;
90571;148234;IN_PROGRESS;41;
90713;954232;IN_PROGRESS;15;
90713;70882;DELIVERED;15;
90838;998458;IN_PROGRESS;50;
90838;54975;DELIVERED;50;
90903;477925;DELIVERED;45;
91528;571087;IN_PROGRESS;46;
91571;43777;IN_PROGRESS;19;
91576;48399;IN_PROGRESS;8;
91576;491674;DELIVERED;8;
91699;709701;IN_PROGRESS;26;
91723;984325;IN_PROGRESS;18;
91723;572952;DELIVERED;18;
91841;148234;DELIVERED;41;
91900;954232;DELIVERED;15;
92095;34438;IN_PROGRESS;22;
92242;9275;IN_PROGRESS;8;
92434;571087;DELIVERED;46;
92725;998458;DELIVERED;50;
92827;43777;DELIVERED;19;
92855;709701;DELIVERED;26;
92871;319659;IN_PROGRESS;15;
92871;170493;DELIVERED;15;
92879;936970;DELIVERED;41;
92890;274177;IN_PROGRESS;49;
93016;359336;DELIVERED;46;
93029;221304;IN_PROGRESS;22;
93029;34438;DELIVERED;22;
93033;220218;IN_PROGRESS;14;
93193;122860;IN_PROGRESS;50;
93285;11795;IN_PROGRESS;18;
93511;221304;DELIVERED;22;
93511;992515;DELIVERED;22;
